term,score
body,1.1806811829859791
gentlemen,1.0
new,1.0
several,1.0
voice,1.0
west,1.0
meeting,0.9862000856471131
home rule,0.8481286403599125
rule,0.8308618898831555
home,0.7559759053816757
evening,0.5513416914565037
public,0.508652360396191
county,0.471535221143913
taken,0.4584272049742839
irish,0.30282425039104083
parnell,0.3006933378891317
