term,score
body,1.180681183
gentlemen,1
new,1
several,1
voice,1
west,1
meeting,0.986200086
home rule,0.84812864
rule,0.83086189
home,0.755975905
evening,0.551341691
public,0.50865236
county,0.471535221
taken,0.458427205
irish,0.30282425
parnell,0.300693338
