year,term,score
1874,history,0.558267369995531
1874,battle,0.5437098161994761
1874,years,0.49174386471249915
1874,country,0.3884651218374958
