term,score
history,0.558267369995531
battle,0.5437098161994761
years,0.49174386471249915
country,0.3884651218374958
