term,score
parnell,1.782364325
meeting,1.223277063
county,1.139814694
rule,1.089905385
home,1.015109911
gentlemen,1
several,1
west,1
john,0.960383139
evening,0.740568477
captain,0.674019681
public,0.651685856
taken,0.541089176
irish,0.344625923
new,0.278683022
