term,score
parnell,1.7823643254692236
meeting,1.223277063005666
county,1.139814693511755
rule,1.0899053847058848
home,1.0151099111229211
gentlemen,1.0
several,1.0
west,1.0
john,0.9603831387249842
evening,0.7405684773765152
captain,0.6740196812122551
public,0.6516858563558505
taken,0.5410891757806027
irish,0.34462592309223544
new,0.27868302218245733
