year,term,score
1892,long,0.508007616
1892,irish people,0.455525065
1892,public,0.437316496
1892,years,0.366950449
1892,people,0.340624252
1892,irish,0.304141327
