term,score
irish party,0.7171932642962694
party,0.5492315530897656
irish,0.42892717649813866
