year,term,score
1892,long,0.5080076155611515
1892,irish people,0.4555250652810862
1892,public,0.4373164960988842
1892,years,0.3669504486562578
1892,people,0.34062425198352014
1892,irish,0.30414132712271835
