year,term,score
1892,irish party,0.717193264
1892,party,0.549231553
1892,irish,0.428927176
