term,score
nation,0.5179495514730574
lead,0.4145941419284644
courage,0.40515861153834287
interests,0.39671824199048594
necessary,0.36695250188162754
gained,0.1964048451770227
shown,0.1848818235373406
party,0.13349499647259425
right,0.11432362385724607
