term,score
long,0.48658711406415067
public,0.45929625875346847
irish people,0.43420502027692376
years,0.3943556656501614
people,0.33535861065507516
irish,0.30945781411562406
