term,score
nation,0.517949551
lead,0.414594142
courage,0.405158612
interests,0.396718242
necessary,0.366952502
gained,0.196404845
shown,0.184881824
party,0.133494996
right,0.114323624
