year,term,score
1892,long,0.486587114
1892,public,0.459296259
1892,irish people,0.43420502
1892,years,0.394355666
1892,people,0.335358611
1892,irish,0.309457814
