term,score
long,0.5080076155611515
irish people,0.4555250652810862
public,0.4373164960988842
years,0.3669504486562578
people,0.34062425198352014
irish,0.30414132712271835
