term,score
long,0.486587114
public,0.459296259
irish people,0.43420502
years,0.394355666
people,0.335358611
irish,0.309457814
