year,term,score
1892,nation,0.517949551
1892,lead,0.414594142
1892,courage,0.405158612
1892,interests,0.396718242
1892,necessary,0.366952502
1892,gained,0.196404845
1892,shown,0.184881824
1892,party,0.133494996
1892,right,0.114323624
