term,score
long,0.508007616
irish people,0.455525065
public,0.437316496
years,0.366950449
people,0.340624252
irish,0.304141327
